Geneset	logFC	AveExpr	t	P.Value	adj.P.Val	B
HALLMARK_HEDGEHOG_SIGNALING	-0.44257646394526806	-0.029965223237660904	-8.229677662582816	8.144007050051779e-16	2.5246421855160515e-14	25.157268857993422
HALLMARK_KRAS_SIGNALING_UP	-0.17011080839951603	-0.025878594031238173	-2.7051662450548406	0.006979942087812007	0.10818910236108611	-3.474572137759407
HALLMARK_MITOTIC_SPINDLE	-0.1341927935123954	-0.060262836233106916	-2.3792987038501257	0.017591588790180676	0.181779750831867	-4.291492156516892
HALLMARK_PROTEIN_SECRETION	-0.1908579920829886	-0.019891792273316375	-2.215958764837505	0.026989910099321696	0.202332113528004	-4.662158039009813
HALLMARK_NOTCH_SIGNALING	-0.14198864130038003	-0.03237432355912559	-2.1404737126942965	0.032634211859355486	0.202332113528004	-4.824668313267311
HALLMARK_CHOLESTEROL_HOMEOSTASIS	-0.14783341873894715	-0.030767321177853635	-2.04740751038699	0.040961463269160094	0.2106999217327738	-5.017367881037968
HALLMARK_INTERFERON_GAMMA_RESPONSE	-0.19301701992728654	-0.00937767110042385	-1.9721243812520577	0.048957670550449216	0.2106999217327738	-5.1670485199834335
