Geneset	logFC	AveExpr	t	P.Value	adj.P.Val	B
HALLMARK_KRAS_SIGNALING_DN	-0.10881214725856034	-9.410027813297501e-4	-5.626219821238605	2.617386393407214e-8	8.113897819562363e-7	8.573860686958412
HALLMARK_MITOTIC_SPINDLE	0.14500708253478434	-0.05726697648137608	4.928395269423436	1.0247073523730556e-6	1.5882963961782363e-5	5.0741004921275366
HALLMARK_G2M_CHECKPOINT	0.17469381288648375	-0.07352176895286065	3.433860927629442	6.28329515060654e-4	0.005741073063671782	-0.9438235920882061
HALLMARK_MYC_TARGETS_V2	0.16639870413691232	-0.04567099625660226	3.3600569007023577	8.194004835082503e-4	0.005741073063671782	-1.1873906041453477
HALLMARK_WNT_BETA_CATENIN_SIGNALING	0.09965549983021303	-0.03961019209610413	3.325603453170187	9.259795263986744e-4	0.005741073063671782	-1.299337123702105
HALLMARK_E2F_TARGETS	0.1724070168867083	-0.0695894480873987	3.118175232969838	0.0018905543994945852	0.00976786439738869	-1.9496224742748032
HALLMARK_REACTIVE_OXYGEN_SPECIES_PATHWAY	-0.10841434880430605	-0.03143422944910343	-2.8048875461954066	0.005166025215007809	0.022878111666463155	-2.8543702974755503
KEGG_SPLICEOSOME	0.1341635651273991	-0.023391142961953524	2.6796740143338926	0.0075339290561441934	0.02919397509255875	-3.1897854891226993
HALLMARK_NOTCH_SIGNALING	0.0929444767333911	-0.030098942483312272	2.5633787727994455	0.010563267555932716	0.03638458824821269	-3.487856414289317
