Geneset	logFC	AveExpr	t	P.Value	adj.P.Val	B
HALLMARK_KRAS_SIGNALING_UP	-0.3057238809845886	-0.02981738358400195	-4.978715401942457	8.650743779535843e-7	2.6817305716561113e-5	5.3160896048181066
HALLMARK_HEDGEHOG_SIGNALING	-0.21106684830487232	-0.03135387238544903	-3.958159174471715	8.574045586646785e-5	0.0013289770659302518	0.9977430443865467
HALLMARK_DNA_REPAIR	0.2223592449328991	-0.01701081239023932	3.2240650909646638	0.0013410438947919392	0.01085173316037249	-1.532019032669159
HALLMARK_BILE_ACID_METABOLISM	0.17143015494921396	-0.01229465043822631	3.2114353461709104	0.0014002236335964504	0.01085173316037249	-1.5712123241286777
HALLMARK_IL6_JAK_STAT3_SIGNALING	-0.2734308116462647	-0.0065179343422093455	-3.079661909082349	0.00217893938755713	0.013509424202854206	-1.9713035915834451
KEGG_SPLICEOSOME	0.2729375940273557	-0.010538387261656778	2.9015934075822365	0.0038658112007458	0.01842353878720558	-2.486241542712759
HALLMARK_WNT_BETA_CATENIN_SIGNALING	0.1546054432177564	-0.033817657165477716	2.8781583706671956	0.004160153919691583	0.01842353878720558	-2.55180159009021
HALLMARK_OXIDATIVE_PHOSPHORYLATION	0.2082161538406885	-0.010427736638450124	2.7769670772418307	0.005679527221265614	0.02046184282403302	-2.8289666213004634
HALLMARK_KRAS_SIGNALING_DN	-0.09176071358104504	-0.014778824719133577	-2.762116576854365	0.005940535013428941	0.02046184282403302	-2.868832291521008
