Geneset	logFC	AveExpr	t	P.Value	adj.P.Val	B
HALLMARK_MITOTIC_SPINDLE	0.13246507356792225	-0.05726697767841987	4.002993208575539	6.887589828244105e-5	0.0021351528467556725	1.3360750685146785
HALLMARK_KRAS_SIGNALING_DN	-0.08327449285459836	-9.410150466859637e-4	-3.805375637513113	1.5334172505701606e-4	0.002376796738383749	0.6013147895181712
HALLMARK_OXIDATIVE_PHOSPHORYLATION	-0.13993926730999362	-0.011226282369299125	-2.4735036252742306	0.013603909784592761	0.10576914152188968	-3.407924415196108
HALLMARK_BILE_ACID_METABOLISM	-0.0928167311901671	-0.0071110743379947435	-2.4723471156117904	0.013647631164114798	0.10576914152188968	-3.4106825313428066
HALLMARK_G2M_CHECKPOINT	0.1299805464029659	-0.07352176927784344	2.2742408779830794	0.023238203556770642	0.14407686205197798	-3.8644011504928417
HALLMARK_MYC_TARGETS_V2	0.11260381460623198	-0.045671070811994716	2.0231641364171136	0.04341679746049538	0.17748807164045363	-4.38574915115017
HALLMARK_REACTIVE_OXYGEN_SPECIES_PATHWAY	-0.0857391144697595	-0.03143423116319445	-1.977955281351606	0.048305873620880804	0.17748807164045363	-4.4732273107430025
