Geneset	logFC	AveExpr	t	P.Value	adj.P.Val	B
HALLMARK_HEDGEHOG_SIGNALING	-0.2798933678484954	-0.029993930341349596	-6.932773030820748	9.025310522585553e-12	2.797846262001522e-10	16.159396310124293
HALLMARK_BILE_ACID_METABOLISM	-0.1633601543609381	-0.007111074302410953	-3.5890160498896133	3.53903273503745e-4	0.005485500739308048	-0.592246510948689
HALLMARK_MYC_TARGETS_V2	0.1866560413365484	-0.04567099625660226	2.760072137523735	0.0059224356157288474	0.061198501362531424	-3.1662340749304843
HALLMARK_NOTCH_SIGNALING	-0.12744806939780876	-0.030098942483312272	-2.5803747357044005	0.01006170740876977	0.07797823241796571	-3.6375556623614465
HALLMARK_OXIDATIVE_PHOSPHORYLATION	-0.16162514444236709	-0.01122628204001356	-2.3446069829470764	0.01931172113429546	0.1119370872084045	-4.208655893464309
HALLMARK_FATTY_ACID_METABOLISM	-0.1130533321737882	-0.009376398601252662	-2.3010825493426292	0.021665242685497646	0.1119370872084045	-4.308198498094235
HALLMARK_CHOLESTEROL_HOMEOSTASIS	-0.11909951402085782	-0.02766979591490295	-2.2112339224850635	0.02732590879437922	0.12101473894653655	-4.507870045856441
