pathway	treat_score	ctrl_score	score_diff	wilcox_stat	pvalue
DNA Repair all genes	-0.11258790436005656	0.1134496050357056	-0.22603750939576217	2	0.4
Homologous Recombination	-0.022315143896711815	-0.028253769717184723	0.005938625820472908	5	1
Non-homologous End Joining	-0.5234254992319503	0.3928571428571426	-0.9162826420890928	0	0.1
