pathway	treat_score	ctrl_score	score_diff	wilcox_stat	pvalue
DNA Repair all genes	-0.1704407635824932	0.06830625860413626	-0.23874702218662947	1	0.2
Homologous Recombination	-0.15939523869310973	0.09909623748653516	-0.2584914761796449	0	0.1
Mismatch Repair	0.33069128383372814	-0.7032755848271948	1.033966868660923	9	0.1
Base Excision Repair	-0.3682983682983727	0.24203574203574282	-0.6103341103341156	2	0.4
Nucleotide Excision Repair	-0.4766992351464936	0.19333347646856844	-0.6700327116150621	0	0.1
Non-homologous End Joining	-0.44038005053761364	0.20362731152204575	-0.6440073620596594	1	0.2
