pathway	treat_score	ctrl_score	score_diff	wilcox_stat	pvalue
DNA Repair all genes	-0.10457224403630758	0.039945012919924056	-0.14451725695623163	2	0.4
Homologous Recombination	-0.1582889520212248	0.10191389844297664	-0.26020285046420144	1	0.2
Mismatch Repair	0.328008046153208	-0.7074710981756329	1.035479144328841	9	0.1
Base Excision Repair	-0.37065637065636853	0.24107402333208866	-0.6117303939884572	2	0.4
Nucleotide Excision Repair	-0.47727112180311826	0.18411436166882594	-0.6613854834719441	0	0.1
Non-homologous End Joining	-0.48388742138741897	0.3616473616473623	-0.8455347830347812	0	0.1
