pathway	treat_score	ctrl_score	score_diff	wilcox_stat	pvalue
DNA Repair all genes	-0.17107027981164638	0.06761589544281686	-0.23868617525446323	1	0.2
Homologous Recombination	-0.15970773012903472	0.10237529573375356	-0.2620830258627883	0	0.1
Mismatch Repair	0.32713165511978465	-0.7029867036352272	1.0301183587550118	9	0.1
Base Excision Repair	-0.368721461187219	0.24200913242008928	-0.6107305936073083	2	0.4
Nucleotide Excision Repair	-0.4743309612815419	0.19863880810598575	-0.6729697693875276	0	0.1
Non-homologous End Joining	-0.4497860343440982	0.20096433042968856	-0.6507503647737868	1	0.2
