gene,mean_CRISPR_score,Average_TPM,max_dPSI
SMG1,-0.9822023737287573,16.94514705882353,0.107332889480692
CLK2,-0.3787866924721541,16.64794117647059,0.196278666666667
CLK1,-0.14512594104885435,25.00955882352941,0.292794940079894
CLK3,NA,14.622205882352942,0.114722074468086
CLK4,NA,9.77985294117647,0.442373831775701
FASTK,NA,15.899411764705883,0.124504347826087
PRKDC,NA,43.6225,0.211416223404257
SRPK1,NA,9.960441176470589,0.187122340425532
