gene	Average_TPM	splice_gene	max_dPSI
CLK1	24.058878504672897	yes	0.752298657718121
CLK2	12.809065420560747	yes	0.908876923076923
CLK3	13.887710280373833	yes	0.961913043478261
CLK4	8.022429906542056	yes	0.709658767772511
SRPK1	8.293785046728972	yes	0.896762376237624
