gene	Average_TPM	max_dPSI
CLK1	25.00955882352941	0.292794940079894
CLK2	16.64794117647059	0.196278666666667
CLK3	14.622205882352942	0.114722074468086
CLK4	9.77985294117647	0.442373831775701
FASTK	15.899411764705883	0.124504347826087
PRKDC	43.6225	0.211416223404257
SMG1	16.94514705882353	0.107332889480692
SRPK1	9.960441176470589	0.187122340425532
